{
  "model_name": "convnext1d",
  "data_root": "F:/data/newdata",
  "out_dir": "F:\\yes_no_classifier_project\\output\\convnext1d",
  "model_dir": "F:\\yes_no_classifier_project\\model\\convnext1d",
  "target_acc": 0.9,
  "best_seed": 42,
  "best_metrics": {
    "best_val_acc": 0.88125,
    "best_val_loss": 0.30778507590293885,
    "test_loss": 0.24631685870034353,
    "test_acc": 0.91,
    "test_precision": 0.9183673469387755,
    "test_recall": 0.9,
    "test_f1": 0.9090909090909091,
    "test_roc_auc": 0.9592,
    "confusion_matrix": [
      [
        92,
        8
      ],
      [
        10,
        90
      ]
    ],
    "classification_report": {
      "no": {
        "precision": 0.9019607843137255,
        "recall": 0.92,
        "f1-score": 0.9108910891089109,
        "support": 100.0
      },
      "yes": {
        "precision": 0.9183673469387755,
        "recall": 0.9,
        "f1-score": 0.9090909090909091,
        "support": 100.0
      },
      "accuracy": 0.91,
      "macro avg": {
        "precision": 0.9101640656262505,
        "recall": 0.91,
        "f1-score": 0.90999099909991,
        "support": 200.0
      },
      "weighted avg": {
        "precision": 0.9101640656262506,
        "recall": 0.91,
        "f1-score": 0.90999099909991,
        "support": 200.0
      }
    }
  },
  "all_attempts": [
    {
      "seed": 42,
      "metrics": {
        "best_val_acc": 0.88125,
        "best_val_loss": 0.30778507590293885,
        "test_loss": 0.24631685870034353,
        "test_acc": 0.91,
        "test_precision": 0.9183673469387755,
        "test_recall": 0.9,
        "test_f1": 0.9090909090909091,
        "test_roc_auc": 0.9592,
        "confusion_matrix": [
          [
            92,
            8
          ],
          [
            10,
            90
          ]
        ],
        "classification_report": {
          "no": {
            "precision": 0.9019607843137255,
            "recall": 0.92,
            "f1-score": 0.9108910891089109,
            "support": 100.0
          },
          "yes": {
            "precision": 0.9183673469387755,
            "recall": 0.9,
            "f1-score": 0.9090909090909091,
            "support": 100.0
          },
          "accuracy": 0.91,
          "macro avg": {
            "precision": 0.9101640656262505,
            "recall": 0.91,
            "f1-score": 0.90999099909991,
            "support": 200.0
          },
          "weighted avg": {
            "precision": 0.9101640656262506,
            "recall": 0.91,
            "f1-score": 0.90999099909991,
            "support": 200.0
          }
        }
      },
      "history": [
        {
          "epoch": 1,
          "train_loss": 0.7016110360622406,
          "train_acc": 0.4765625,
          "val_loss": 0.7043297052383423,
          "val_acc": 0.5,
          "lr": 0.0003
        },
        {
          "epoch": 2,
          "train_loss": 0.7003416448831559,
          "train_acc": 0.5171875,
          "val_loss": 0.6926721096038818,
          "val_acc": 0.49375,
          "lr": 0.0003
        },
        {
          "epoch": 3,
          "train_loss": 0.6910592913627625,
          "train_acc": 0.5359375,
          "val_loss": 0.6926663398742676,
          "val_acc": 0.5,
          "lr": 0.0003
        },
        {
          "epoch": 4,
          "train_loss": 0.6855195939540863,
          "train_acc": 0.5703125,
          "val_loss": 0.6906611800193787,
          "val_acc": 0.5,
          "lr": 0.0003
        },
        {
          "epoch": 5,
          "train_loss": 0.6871120244264602,
          "train_acc": 0.55,
          "val_loss": 0.691118586063385,
          "val_acc": 0.5,
          "lr": 0.0003
        },
        {
          "epoch": 6,
          "train_loss": 0.6833897143602371,
          "train_acc": 0.5421875,
          "val_loss": 0.6841364502906799,
          "val_acc": 0.5375,
          "lr": 0.0003
        },
        {
          "epoch": 7,
          "train_loss": 0.6851792186498642,
          "train_acc": 0.55625,
          "val_loss": 0.6873870372772217,
          "val_acc": 0.50625,
          "lr": 0.0003
        },
        {
          "epoch": 8,
          "train_loss": 0.6866921633481979,
          "train_acc": 0.5421875,
          "val_loss": 0.6938788294792175,
          "val_acc": 0.5,
          "lr": 0.0003
        },
        {
          "epoch": 9,
          "train_loss": 0.6661853402853012,
          "train_acc": 0.6109375,
          "val_loss": 0.6583989024162292,
          "val_acc": 0.625,
          "lr": 0.0003
        },
        {
          "epoch": 10,
          "train_loss": 0.6477802067995071,
          "train_acc": 0.6546875,
          "val_loss": 0.6174409866333008,
          "val_acc": 0.68125,
          "lr": 0.0003
        },
        {
          "epoch": 11,
          "train_loss": 0.6229162245988846,
          "train_acc": 0.6390625,
          "val_loss": 0.5677740693092346,
          "val_acc": 0.70625,
          "lr": 0.0003
        },
        {
          "epoch": 12,
          "train_loss": 0.5969045400619507,
          "train_acc": 0.678125,
          "val_loss": 0.5323970317840576,
          "val_acc": 0.75,
          "lr": 0.0003
        },
        {
          "epoch": 13,
          "train_loss": 0.5516422420740128,
          "train_acc": 0.7453125,
          "val_loss": 0.49639999866485596,
          "val_acc": 0.74375,
          "lr": 0.0003
        },
        {
          "epoch": 14,
          "train_loss": 0.540065361559391,
          "train_acc": 0.725,
          "val_loss": 0.5063193082809448,
          "val_acc": 0.71875,
          "lr": 0.0003
        },
        {
          "epoch": 15,
          "train_loss": 0.5325816422700882,
          "train_acc": 0.728125,
          "val_loss": 0.4785813927650452,
          "val_acc": 0.75625,
          "lr": 0.0003
        },
        {
          "epoch": 16,
          "train_loss": 0.5062017753720284,
          "train_acc": 0.7484375,
          "val_loss": 0.4533778429031372,
          "val_acc": 0.7875,
          "lr": 0.0003
        },
        {
          "epoch": 17,
          "train_loss": 0.49063696563243864,
          "train_acc": 0.7359375,
          "val_loss": 0.47417880296707154,
          "val_acc": 0.75625,
          "lr": 0.0003
        },
        {
          "epoch": 18,
          "train_loss": 0.4771630197763443,
          "train_acc": 0.7875,
          "val_loss": 0.4076267063617706,
          "val_acc": 0.7875,
          "lr": 0.0003
        },
        {
          "epoch": 19,
          "train_loss": 0.45021526217460633,
          "train_acc": 0.7890625,
          "val_loss": 0.4095406115055084,
          "val_acc": 0.8,
          "lr": 0.0003
        },
        {
          "epoch": 20,
          "train_loss": 0.4107950434088707,
          "train_acc": 0.8125,
          "val_loss": 0.3901304960250854,
          "val_acc": 0.8,
          "lr": 0.0003
        },
        {
          "epoch": 21,
          "train_loss": 0.4251795068383217,
          "train_acc": 0.7875,
          "val_loss": 0.38946006298065183,
          "val_acc": 0.80625,
          "lr": 0.0003
        },
        {
          "epoch": 22,
          "train_loss": 0.42714854180812833,
          "train_acc": 0.7890625,
          "val_loss": 0.37719532251358034,
          "val_acc": 0.8125,
          "lr": 0.0003
        },
        {
          "epoch": 23,
          "train_loss": 0.41505091935396193,
          "train_acc": 0.81875,
          "val_loss": 0.3596643447875977,
          "val_acc": 0.8125,
          "lr": 0.0003
        },
        {
          "epoch": 24,
          "train_loss": 0.3649459570646286,
          "train_acc": 0.8578125,
          "val_loss": 0.3713579595088959,
          "val_acc": 0.83125,
          "lr": 0.0003
        },
        {
          "epoch": 25,
          "train_loss": 0.3757129147648811,
          "train_acc": 0.8328125,
          "val_loss": 0.3721848905086517,
          "val_acc": 0.80625,